s	value
7139503649729055185	<https://bildgrid.org/Z%3A%20personal%20collections/Veronika%20Sladka/Initials/Jan%20Hus/>
9816610358951523578	<https://iconclass.org/id/2bb3474deb8bcb6de4831462ea98bd1017d0307d>
1327008530223471987	<https://iconclass.org/id/a1d3458b02834d0880ba10540a579bc4435033fc>
2567065649912625436	<https://iconclass.org/id/d128bc82c00b569ba1a6b230818b3e4ed0f8f660>
4936931830175412817	<https://iconclass.org/id/cbcf20275d19642610a74133599b98d93bd3cb30>
15589628905867530820	<https://iconclass.org/id/9c60605718158fe0ebbef575384d6de92bf9511e>
13645103966380635075	<https://iconclass.org/id/a767a716da5a484a27804164bd97aee86a25be81>
13863486918796701683	<https://iconclass.org/id/fc8963594a64711728a362cef120460577b9676a>
2661581678202693695	<https://iconclass.org/id/bd5d415bd57442501a4fd07df7962a1bf51b1868>
11162386747540950617	<https://iconclass.org/id/f29203be8d033b37953d95b3b52ae95b5b850237>
12192331325109011324	<https://iconclass.org/id/13ac77d9c877bce2d2be21db455830f8839a5dd2>
12691307942112646251	<https://iconclass.org/id/78f2de66fd7c8d6325c3329f5ee7369995985f7c>
549582325951806142	<https://iconclass.org/id/09715b3c09cace38eafafeed3fb1f30ecf315d95>
12441522396601009420	<https://iconclass.org/id/431bf989c79964420a7d672bde71caeb8769ee71>
7833782173215755317	<https://iconclass.org/id/fca08b3cf6f1721a4ffeb0803b9e2603729086b5>
5304681097530850553	<https://iconclass.org/id/7d5ffab6259f53ecaa0c420c38df00d81c3c917e>
12955385201123769742	<https://iconclass.org/id/15759d1d6060dd34c1384bda77a47b346f1f13da>
7449848130354816786	<https://iconclass.org/id/425c29e235d545d7a8004a267c6bbb298dd8c764>
6237160294778345582	<https://iconclass.org/id/02b22acce7f011ab598f04796c38409f9eaf6215>
16376322040939067976	<https://iconclass.org/id/cf696a78682e32ba05442ae581e7062ac357a530>
11641198026008855658	<https://iconclass.org/id/7b7d15f4219fe5ea3f3f23377fa08b8e94f5e5ab>
2010281262701990553	<https://iconclass.org/id/f06601eb3fc78cabd37cc76498a616ecfe63f014>
13461956401420972208	<https://iconclass.org/id/503aba258a1fbdab81cd0c05cc3553e7373e5cb3>
17950679288362120890	<https://iconclass.org/id/61083cb424feff238e3265d40fc6013d95238ade>
8943971519715510064	<https://iconclass.org/id/0d37f4613b3003e37f6a77e57863270c5c39a2c0>
15254837055937412712	<https://iconclass.org/id/adbe128e030053c6646d946bb786d53afc1f970c>
3077323590318850904	<https://iconclass.org/id/18fafa775663484d93075b1f0bc45f972d71824c>
4188653426568909638	<https://iconclass.org/id/c7592389148ba5fc18b3c992caf6e4098025f232>
8944003966081662135	<https://iconclass.org/id/aef64cfeaed8d847a998015c219a22c174bfbe23>
2595221488691363098	<https://iconclass.org/id/bca078bb1884bb408c20124f395effe5112c2550>
5627123947708536947	<https://iconclass.org/id/d32b723fa2095697ede4e600ca1fc0e6dbd566aa>
1514485864902356030	<https://iconclass.org/id/d06cc519c63939d2186519ecf23e3dd1e1f88586>
807312275040377445	<https://iconclass.org/id/c86570a699e1462e886167374d9b93011784d01c>
17296911711175450442	<https://iconclass.org/id/294f215e1c43c74095dc720490e8ce58aef2f4b4>
7884211248633680629	<https://iconclass.org/id/9a5584507eb802c02c71cce352b496ed39d11332>
14393802767342518602	<https://iconclass.org/id/1a0b07bac00ef65f3b00b022e15258df919143f7>
3724311665533285676	<https://iconclass.org/id/4fbc6902a818a56297cf2a4e3a6f79b730cbfcec>
15302258683520844647	<https://iconclass.org/id/8001bce49092fcb2b66090a5db7f1dac27deb65d>
17492285923233297695	<https://iconclass.org/id/c1e969f4b1c932ddccfc576275025b61524ea153>
15445293936615494162	<https://iconclass.org/id/c91fbeb4b894590d66f9f493b7060869888ee0b5>
5986275570027429290	<https://iconclass.org/id/5d9370df36d2127bbbd4a28fe81ad1fbc9ab9593>
11250888974107748548	<https://iconclass.org/id/3494c4fc15a3a2314427e1aff0854492a141d870>
8482447090892333388	<https://iconclass.org/id/de59bf5bdd0317e6ea54e04290949b41edf157cb>
1882870660012256914	<https://iconclass.org/id/e7f4896925507ac3ae5057a1b2e6aaabc15ac081>
3282188582904507972	<https://iconclass.org/id/6b5e53ff3265b6e45720ab6a4fcc65a9d65fb796>
2745375853694545502	<https://iconclass.org/id/717f435d489bb7872aba6acbcee4bbec667b945e>
10465904426630461183	<https://iconclass.org/id/b276e9fa307c3105464e791c83fe13beec0bb83f>
7952534836315014396	<https://iconclass.org/id/97b9c793587cc4e83af6c08dc4a6d59f8f7015a2>
5687487318400760147	<https://iconclass.org/id/f2378ae277f95236270064c6be0d842309a668f7>
5399779144468053670	<https://iconclass.org/id/e76fa9e0eccdc24dfbc6564b8ff5064d709ae5d1>
13284997490043436347	<https://iconclass.org/id/3b888f955621e5c94a0972fbc0f13cc6f71e3aca>
12663102502437880672	<https://iconclass.org/id/5eea9129a24c825f328eb0afe3861e00bba4b6b6>
10971084441348925440	<https://iconclass.org/id/75111590c208d839196edc965b98c29c3446211e>
10960026804461185660	<https://iconclass.org/id/a11a6c5fd358be603769743a8d677646ae5d3756>
6499858835448332322	<https://iconclass.org/id/d8ecd0be22622fc78f7a06d3debe278ce1fbe8cb>
4422347457278833183	<https://iconclass.org/id/35ad29e96e7123e6fd2def4b4a459ef2c43aacdf>
11531479210704411935	<https://iconclass.org/id/6203701483842d4ebb8009273eae6ab5aa6622f4>
14184965043118883795	<https://iconclass.org/id/aef0f83406cf1bae49911dc2458cdb1a342cdd2e>
12759271188392082642	<https://iconclass.org/id/4c8226f6c94dff6df28e997e9325a158433b5c5b>
3725994477982841674	<https://iconclass.org/id/ce17b5fc0b6ed5ca909b2b5392d80663dc66c7f3>
8220004642879617410	<https://iconclass.org/id/b9e17174819c3dc8e02123110cac171644ea14ad>
5019810802211067034	<https://iconclass.org/id/8080c80ee4dfd436934e8ee23c0353fcf397429c>
9109519745046408469	<https://iconclass.org/id/a230a26e6e5cbd601e7a59b4661b6b3e3d6a906f>
7050546559388106264	<https://iconclass.org/id/7c9b16dbdb588dd0081a4c2a285c8890aad3d8d2>
10573988291385557368	<https://iconclass.org/id/03aa36eaeba88e5c368502af70f95bdde490edc7>
4930181810054800955	<https://iconclass.org/id/b92332665cd23c05506437dedf6509c675c728a8>
3023261730983300170	<https://iconclass.org/id/22edd0fa4d6ce5efc70516854019a331bc5c6379>
12626541832699988837	<https://iconclass.org/id/59cd145845144845259bf85aca5390d6ef620b99>
16232289697255610764	<https://iconclass.org/id/3788fb1e849d065287126f3b223fa6c5831c85f8>
4880475274485731939	<https://iconclass.org/id/aa784b40aba13db3d017b1fa2b800216b80292cc>
1166575505951316838	<https://iconclass.org/id/d5c8bc6f0366bead6a65ad3c9b79f34089e1c404>
1118267406085512177	<https://iconclass.org/id/46727c03794c62cb18801f376f672c49cd1ebf8b>
4883837107610868355	<https://iconclass.org/id/ee062d5ec6bab73f47eb34e8bbe6bae3cda03163>
2153643581967031521	<https://iconclass.org/id/6aa52e475a990a70e5bb3489f2509b728ea4d517>
8892152134319687073	<https://iconclass.org/id/8c19597b6489ed578ce803bc347cf7e02f76ee68>
2298548777728943214	<https://iconclass.org/id/aaada833ac963933db185841571159a056f7a93b>
11141145488772412776	<https://iconclass.org/id/16cf95245f5357e7f004ba3ee5cf7ac8c570d730>
15596034280674098400	<https://iconclass.org/id/57b67f3dc66d160893091b8a519603b79ebbf6e9>
10663288519026325054	<https://iconclass.org/id/7cb73405a2fb62c692104e800eb0e5457caa376d>
15411561477693187680	<https://iconclass.org/id/af6f46a9e401bdce335161d00bc3057f8bbe2759>
7803961469301265896	<https://iconclass.org/id/ce33c84bc9481603ba66e0fa7a39d3cb10b00eb0>
7760779103334986581	<https://iconclass.org/id/f2bdebc3d79cea8cb83b2b27b8f37f3d39848d57>
4472391827809402718	<https://iconclass.org/id/8751eb882490d2ed8019c49e6cbb1b8fb1d11bd5>
5336301907526858390	<https://iconclass.org/id/25a2032731c0fa94783a0fbc6f667997a20dc771>
11802997788413850920	<https://iconclass.org/id/cef13812cb0a8202002d583e039a62c585fda3ce>
12581879401560864253	<https://iconclass.org/id/a2718685970ef2c7ed441053a8a3d752eafe8350>
8588488626067798400	<https://iconclass.org/id/a19fc7fe0921c2015aed85255be6e857ce41aa79>
14864563193460664463	<https://iconclass.org/id/1970d7b37f1b162093627356127a2be3efa404de>
10484561631522129210	<https://iconclass.org/id/b70221d11a74ad518b5d7e2581152c2eeebcd2d9>
14649011000524192046	<https://iconclass.org/id/201f6ea16e14731b864f3e17a05974e91dfc0c8c>
9606230660766481773	<https://iconclass.org/id/4f8ebf144879ed5fddc77ca3d4209835d0a5d317>
3493877306301385470	<https://iconclass.org/id/625c7744e36a1261ec74e763eb3707286733cc67>
8873678812862820688	<https://iconclass.org/id/0b9b7d291133759db7031fd8cae8ba0192e4f7a2>
13863486918796701683	<https://iconclass.org/id/fc8963594a64711728a362cef120460577b9676a>
11641198026008855658	<https://iconclass.org/id/7b7d15f4219fe5ea3f3f23377fa08b8e94f5e5ab>
17950679288362120890	<https://iconclass.org/id/61083cb424feff238e3265d40fc6013d95238ade>
5627123947708536947	<https://iconclass.org/id/d32b723fa2095697ede4e600ca1fc0e6dbd566aa>
5986275570027429290	<https://iconclass.org/id/5d9370df36d2127bbbd4a28fe81ad1fbc9ab9593>
